Frequency,Magnitude_dB,Phase_deg
10,-212.855891449175,-89.9938943999226
10.1159111222383,-212.555591157204,-89.9938236292251
10.2331657833025,-212.255290865427,-89.9937520382164
10.3517795563018,-211.954990573849,-89.9936796173882
10.4717681948552,-211.654690282475,-89.9936063571221
10.5931476351837,-211.354389991308,-89.9935322476879
10.7159339982267,-211.054089700354,-89.9934572792428
10.8401435917833,-210.753789409619,-89.99338144183
10.9657929126781,-210.453489119106,-89.9933047253772
11.0928986489522,-210.153188828822,-89.9932271196952
11.2214776820798,-209.852888538771,-89.9931486144771
11.35154708921,-209.552588248959,-89.993069199296
11.4831241454351,-209.252287959392,-89.9929888636046
11.616226326085,-208.951987670075,-89.992907596733
11.7508713090481,-208.651687381014,-89.992825387888
11.887076977119,-208.351387092215,-89.9927422261509
12.0248614203741,-208.051086803684,-89.9926581004766
12.1642429385737,-207.750786515428,-89.9925729996921
12.3052400435926,-207.450486227453,-89.9924869124948
12.4478714618791,-207.150185939765,-89.992399827451
12.5921561369415,-206.849885652371,-89.9923117329945
12.7381132318648,-206.549585365277,-89.9922226174252
12.8857621318552,-206.249285078492,-89.9921324689072
13.0351224468151,-205.948984792022,-89.9920412754675
13.1862140139475,-205.648684505875,-89.9919490249942
13.3390569003906,-205.348384220057,-89.9918557052352
13.4936714058831,-205.048083934577,-89.9917613037963
13.6500780654601,-204.747783649443,-89.9916658081395
13.8082976521809,-204.447483364662,-89.9915692055817
13.9683511798874,-204.147183080244,-89.9914714832927
14.1302599059953,-203.846882796195,-89.9913726282934
14.2940453343176,-203.546582512526,-89.9912726274547
14.4597292179202,-203.246282229244,-89.9911714674947
14.6273335620113,-202.945981946359,-89.9910691349782
14.796880626864,-202.64568166388,-89.9909656163137
14.9683929307726,-202.345381381817,-89.9908608977526
15.1418932530435,-202.045081100178,-89.9907549653868
15.3174046370208,-201.744780818975,-89.9906478051467
15.4949503931463,-201.444480538218,-89.9905394028
15.674554102056,-201.144180257916,-89.9904297439494
15.8562396177114,-200.84387997808,-89.9903188140305
16.0400310705682,-200.543579698721,-89.9902065983102
16.2259528707809,-200.243279419851,-89.9900930818846
16.4140297114447,-199.94297914148,-89.9899782496771
16.6042865718753,-199.642678863621,-89.9898620864364
16.7967487209265,-199.342378586285,-89.9897445767342
16.9914417203463,-199.042078309484,-89.9896257049636
17.1883914281715,-198.741778033231,-89.9895054553366
17.3876240021625,-198.44147775754,-89.9893838118824
17.5891659032773,-198.141177482421,-89.9892607584449
17.7930438991858,-197.84087720789,-89.9891362786809
17.9992850678248,-197.54057693396,-89.9890103560577
18.2079168009946,-197.240276660645,-89.9888829738508
18.4189668079971,-196.939976387959,-89.9887541151421
18.6324631193156,-196.639676115916,-89.9886237628172
18.848434090338,-196.339375844533,-89.9884918995636
19.0669084051225,-196.039075573824,-89.9883585078677
19.2879150802078,-195.738775303805,-89.9882235700133
19.5114834684662,-195.438475034491,-89.9880870680786
19.7376432630026,-195.138174765901,-89.9879489839342
19.9664245010979,-194.837874498049,-89.9878092992406
20.1978575681988,-194.537574230955,-89.9876679954455
20.4319732019527,-194.237273964634,-89.9875250537817
20.6688024962908,-193.936973699106,-89.9873804552645
20.9083769055575,-193.636673434389,-89.9872341806891
21.1507282486879,-193.336373170501,-89.9870862106282
21.3958887134342,-193.036072907463,-89.9869365254291
21.6438908606402,-192.735772645293,-89.9867851052114
21.8947676285662,-192.435472384012,-89.9866319298644
22.1485523372636,-192.135172123641,-89.9864769790441
22.4052786930002,-191.834871864201,-89.9863202321707
22.6649807927369,-191.534571605714,-89.9861616684261
22.9276931286565,-191.234271348201,-89.9860012667506
23.1934505927443,-190.933971091687,-89.9858390058405
23.4622884814226,-190.633670836193,-89.9856748641452
23.7342425002387,-190.333370581744,-89.9855088198643
24.0093487686065,-190.033070328364,-89.9853408509447
24.2876438246045,-189.732770076078,-89.9851709350776
24.5691646298279,-189.432469824912,-89.9849990496958
24.853948574298,-189.132169574891,-89.9848251719703
25.142033481428,-188.831869326043,-89.9846492788076
25.4334576130465,-188.531569078394,-89.9844713468465
25.7282596744793,-188.231268831973,-89.9842913524551
26.0264788196901,-187.930968586808,-89.9841092717274
26.3281546564802,-187.630668342929,-89.9839250804805
26.6333272517498,-187.330368100366,-89.9837387542511
26.9420371368188,-187.030067859148,-89.9835502682922
27.2543253128103,-186.729767619309,-89.9833595975702
27.5702332560958,-186.429467380878,-89.9831667167612
27.8898029238044,-186.129167143891,-89.9829716002479
28.2130767593947,-185.82886690838,-89.9827742221158
28.5400976982924,-185.528566674379,-89.9825745561502
28.8709091735924,-185.228266441925,-89.9823725758325
29.2055551218275,-184.927966211052,-89.9821682543369
29.5440799888038,-184.627665981798,-89.9819615645262
29.8865287355038,-184.327365754201,-89.9817524789492
30.2329468440578,-184.027065528298,-89.9815409698362
30.5833803237843,-183.726765304131,-89.9813270090956
30.9378757173014,-183.426465081739,-89.9811105683102
31.2964801067075,-183.126164861163,-89.9808916187336
31.6592411198352,-182.825864642446,-89.980670131286
32.0262069365765,-182.525564425631,-89.9804460765505
32.397426295282,-182.225264210763,-89.9802194247694
32.7729484992338,-181.924963997887,-89.97999014584
33.1528234231942,-181.624663787049,-89.9797582093106
33.5371015200293,-181.324363578298,-89.9795235843766
33.9258338274099,-181.024063371681,-89.9792862398763
34.3190719745904,-180.723763167248,-89.9790461442869
34.7168681892656,-180.423462965051,-89.97880326572
35.1192753045073,-180.123162765141,-89.9785575719178
35.5263467657814,-179.822862567571,-89.9783090302485
35.9381366380463,-179.522562372398,-89.978057607702
36.3546996129332,-179.222262179675,-89.9778032708857
36.7760910160103,-178.921961989461,-89.9775459860198
37.2023668141307,-178.621661801813,-89.9772857189331
37.6335836228653,-178.321361616792,-89.9770224350581
38.0697987140229,-178.021061434459,-89.976756099427
38.5110700232557,-177.720761254877,-89.9764866766662
38.957456157755,-177.420461078109,-89.9762141309924
39.4090164040345,-177.120160904222,-89.9759384262075
39.8658107358044,-176.819860733282,-89.9756595256936
40.3278998219371,-176.519560565359,-89.9753773924087
40.7953450345245,-176.219260400522,-89.9750919888811
41.2682084570295,-175.918960238843,-89.9748032772051
41.7465528925314,-175.618660080397,-89.9745112190352
42.2304418720667,-175.318359925258,-89.9742157755817
42.7199396630678,-175.018059773504,-89.9739169076054
43.2151112778976,-174.717759625214,-89.973614575412
43.716022482485,-174.417459480468,-89.9733087388472
44.222739805059,-174.117159339349,-89.9729993572913
44.7353305449847,-173.816859201941,-89.9726863896536
45.2538627817017,-173.516559068331,-89.9723697943675
45.7784053837662,-173.216258938609,-89.972049529384
46.3090280179974,-172.915958812863,-89.9717255521673
46.8458011587305,-172.615658691188,-89.9713978196881
47.3887960971765,-172.315358573677,-89.9710662884186
47.9380849508911,-172.015058460428,-89.9707309143263
48.4937406733524,-171.714758351541,-89.9703916528685
49.0558370636505,-171.414458247117,-89.9700484589859
49.6244487762892,-171.11415814726,-89.9697012870973
50.1996513311008,-170.813858052077,-89.9693500910927
50.7815211232767,-170.513557961676,-89.968994824328
51.3701354335134,-170.213257876169,-89.9686354396182
51.9655724382766,-169.912957795671,-89.9682718892314
52.5679112201842,-169.612657720297,-89.9679041248827
53.1772317785097,-169.312357650169,-89.9675320977271
53.793615039807,-169.012057585407,-89.9671557583537
54.4171428686589,-168.711757526136,-89.9667750567787
55.0478980785497,-168.411457472486,-89.966389942439
55.6859644428641,-168.111157424587,-89.9660003641855
56.3314267060135,-167.810857382573,-89.965606270276
56.9843705946914,-167.510557346581,-89.9652076083686
57.6448828292588,-167.210257316752,-89.9648043255149
58.3130511352622,-166.90995729323,-89.9643963681525
58.988964255085,-166.609657276161,-89.9639836820982
59.6727119597331,-166.309357265696,-89.9635662125408
60.3643850607587,-166.009057261989,-89.9631439040337
61.0640754223204,-165.708757265197,-89.9627167004877
61.7718759733849,-165.408457275482,-89.9622845451633
62.4878807200689,-165.108157293009,-89.9618473806635
63.2121847581246,-164.807857317947,-89.9614051489256
63.9448842855694,-164.507557350468,-89.9609577912145
64.6860766154633,-164.207257390749,-89.9605052481137
65.4358601888324,-163.906957438971,-89.9600474595182
66.194334587744,-163.60665749532,-89.9595843646264
66.9616005485322,-163.306357559984,-89.9591159019317
67.7377599751775,-163.006057633158,-89.9586420092147
68.5229159528406,-162.70575771504,-89.9581626235348
69.3171727615541,-162.405457805833,-89.9576776812217
70.1206358900718,-162.105157905746,-89.9571871178672
70.93341204988,-161.804858014989,-89.9566908683163
71.7556091893693,-161.504558133782,-89.9561888666591
72.5873365081725,-161.204258262347,-89.9556810462215
73.4287044716677,-160.903958400911,-89.9551673395564
74.2798248256492,-160.603658549708,-89.9546476784352
75.1408106111697,-160.303358708977,-89.9541219938381
76.0117761795533,-160.00305887896,-89.9535902159456
76.8928372075831,-159.70275905991,-89.9530522741286
77.7841107128649,-159.40245925208,-89.9525080969395
78.6857150693685,-159.102159455733,-89.9519576121022
79.5977700231499,-158.801859671136,-89.9514007465033
80.5203967082548,-158.501559898563,-89.9508374261813
81.4537176628074,-158.201260138296,-89.950267576318
82.3978568452852,-157.90096039062,-89.9496911212273
83.352939650982,-157.600660655829,-89.9491079843464
84.3190929286626,-157.300360934223,-89.9485180882244
85.2964449974102,-157.000061226111,-89.9479213545132
86.285125663669,-156.699761531807,-89.947317703956
87.2852662384838,-156.399461851632,-89.9467070563776
88.2969995549409,-156.099162185916,-89.9460893306734
89.3204599858097,-155.798862534996,-89.9454644447985
90.3557834613893,-155.498562899218,-89.944832315757
91.4031074875623,-155.198263278934,-89.9441928595912
92.4625711640574,-154.897963674505,-89.9435459913698
93.5343152029239,-154.597664086302,-89.9428916251772
94.61848194722,-154.297364514702,-89.9422296741018
95.7152153899187,-153.997064960093,-89.9415600502247
96.8246611930312,-153.69676542287,-89.9408826646077
97.946966706954,-153.39646590344,-89.9401974272817
99.082280990038,-153.096166402216,-89.9395042472347
100.230754828387,-152.795866919624,-89.9388030323995
101.392540755882,-152.495567456098,-89.9380936896421
102.567793074442,-152.195268012083,-89.9373761247485
103.756667874519,-151.894968588033,-89.9366502424127
104.959323055823,-151.594669184414,-89.9359159462241
106.1759183483,-151.294369801702,-89.9351731386541
107.406615333343,-150.994070440385,-89.934421721044
108.651577465254,-150.693771100961,-89.9336615935912
109.91097009295,-150.393471783942,-89.9328926553362
111.184960481927,-150.093172489849,-89.9321148041492
112.473717836475,-149.792873219217,-89.9313279367166
113.777413322149,-149.492573972593,-89.9305319485269
115.096220088503,-149.192274750537,-89.9297267338574
116.430313292088,-148.891975553621,-89.9289121857598
117.779870119712,-148.591676382432,-89.9280881960458
119.145069811978,-148.29137723757,-89.9272546552732
120.526093687084,-147.991078119648,-89.9264114527311
121.923125164911,-147.690779029294,-89.925558476425
123.336349791378,-147.390479967152,-89.9246956130624
124.765955263087,-147.090180933879,-89.9238227480373
126.212131452255,-146.789881930149,-89.9229397654153
127.675070431927,-146.489582956649,-89.9220465479178
129.154966501488,-146.189284014085,-89.921142976907
130.652016212472,-145.888985103178,-89.9202289323695
132.166418394661,-145.588686224667,-89.9193042929009
133.698374182495,-145.288387379306,-89.9183689356892
135.248087041788,-144.988088567869,-89.9174227364988
136.815762796747,-144.687789791146,-89.9164655696538
138.401609657313,-144.387491049947,-89.9154973080217
140.00583824681,-144.0871923451,-89.9145178229959
141.62866162992,-143.786893677453,-89.9135269844789
143.270295340983,-143.486595047873,-89.9125246608652
144.930957412622,-143.186296457247,-89.9115107190236
146.610868404698,-142.885997906485,-89.9104850242795
148.31025143361,-142.585699396514,-89.9094474403969
150.029332201922,-142.285400928287,-89.9083978295607
151.768339028341,-141.985102502776,-89.9073360523579
153.527502878042,-141.684804120978,-89.9062619677596
155.307057393346,-141.384505783911,-89.9051754331016
157.107238924745,-141.08420749262,-89.9040763040661
158.928286562298,-140.78390924817,-89.9029644346619
160.770442167382,-140.483611051654,-89.9018396772057
162.633950404819,-140.183312904189,-89.9007018823017
164.519058775366,-139.88301480692,-89.8995508988224
166.42601764859,-139.582716761017,-89.8983865738881
168.35508029612,-139.282418767677,-89.8972087528468
170.306502925284,-138.982120828125,-89.8960172792536
172.280544713139,-138.681822943616,-89.8948119948497
174.277467840892,-138.381525115433,-89.8935927395418
176.297537528721,-138.081227344889,-89.8923593513804
178.341022071001,-137.780929633329,-89.8911116665383
180.408192871938,-137.480631982127,-89.8898495192893
182.499324481615,-137.180334392691,-89.8885727419856
184.614694632455,-136.88003686646,-89.8872811650356
186.754584276108,-136.579739404908,-89.8859746168819
188.919277620767,-136.279442009544,-89.8846529239777
191.109062168914,-135.97914468191,-89.8833159107644
193.324228755505,-135.678847423586,-89.8819633996478
195.565071586595,-135.378550236187,-89.8805952109746
197.831888278416,-135.078253121367,-89.8792111630089
200.124979896904,-134.777956080819,-89.8778110719075
202.44465099768,-134.477659116273,-89.8763947516957
204.791209666509,-134.177362229502,-89.8749620142424
207.164967560207,-133.877065422319,-89.8735126692356
209.566239948043,-133.576768696579,-89.8720465241564
211.995345753607,-133.276472054182,-89.870563384254
214.452607597167,-132.97617549707,-89.8690630525193
216.938351838518,-132.675879027232,-89.867545329659
219.452908620331,-132.375582646702,-89.8660100140691
221.996611911995,-132.075286357563,-89.8644569018081
224.569799553977,-131.774990161945,-89.8628857865697
227.172813302691,-131.474694062029,-89.8612964596554
229.805998875885,-131.174398060046,-89.8596887099469
232.469705998565,-130.874102158278,-89.8580623238779
235.164288449435,-130.573806359063,-89.8564170854059
237.890104107889,-130.273510664792,-89.8547527759829
240.647515001542,-129.97321507791,-89.8530691745272
243.436887354311,-129.672919600922,-89.8513660573932
246.258591635055,-129.372624236389,-89.849643198342
249.113002606779,-129.072328986933,-89.8479003685113
252.000499376409,-128.772033855238,-89.8461373363851
254.921465445142,-128.471738844048,-89.8443538677625
257.87628875938,-128.171443956172,-89.8425497257267
260.865361762255,-127.871149194487,-89.8407246706137
263.889081445751,-127.570854561932,-89.8388784599804
266.947849403432,-127.27056006152,-89.8370108485718
270.042071883777,-126.97026569633,-89.8351215882891
273.172159844138,-126.669971469515,-89.8332104281561
276.338529005317,-126.369677384301,-89.8312771142864
279.541599906786,-126.069383443989,-89.8293213898488
282.781797962534,-125.769089651957,-89.8273429950339
286.059553517574,-125.468796011661,-89.8253416670191
289.375301905095,-125.168502526639,-89.8233171399336
292.729483504282,-124.868209200511,-89.8212691448234
296.122543798803,-124.567916036981,-89.8191974096149
299.554933435981,-124.26762303984,-89.8171016590792
303.02710828664,-123.967330212965,-89.8149816147953
306.539529505653,-123.667037560327,-89.8128369951129
310.092663593193,-123.366745085987,-89.8106675151149
313.686982456688,-123.066452794102,-89.8084728865798
317.322963473498,-122.766160688924,-89.8062528179428
321.001089554317,-122.465868774807,-89.8040070142575
324.721849207313,-122.165577056203,-89.8017351771561
328.485736603004,-121.865285537672,-89.7994370048103
332.293251639897,-121.564994223875,-89.7971121918903
336.144900010877,-121.264703119587,-89.7947604295248
340.041193270371,-120.964412229691,-89.7923814052597
343.982648902292,-120.664121559184,-89.7899748030161
347.969790388769,-120.36383111318,-89.7875403030488
352.003147279668,-120.063540896913,-89.785077581903
356.083255262928,-119.763250915738,-89.7825863123719
360.210656235707,-119.462961175135,-89.7800661634526
364.385898376354,-119.162671680711,-89.7775168003022
368.609536217216,-118.862382438205,-89.7749378841931
372.882130718284,-118.562093453488,-89.7723290724679
377.2042493417,-118.261804732571,-89.7696900184936
381.576466127125,-117.961516281601,-89.7670203716157
385.999361767977,-117.661228106871,-89.7643197771109
390.473523688556,-117.360940214819,-89.7615878761405
394.999546122065,-117.060652612035,-89.7588243057018
399.578030189527,-116.760365305261,-89.7560286985806
404.209583979631,-116.460078301395,-89.753200683301
408.894822629486,-116.1597916075,-89.7503398840771
413.634368406328,-115.859505230798,-89.747445920762
418.428850790158,-115.559219178683,-89.7445184087977
423.278906557355,-115.258933458721,-89.741556959163
428.185179865242,-114.958648078653,-89.7385611783225
433.14832233764,-114.6583630464,-89.7355306681734
438.168993151419,-114.358078370069,-89.7324650259927
443.24785912404,-114.057794057957,-89.7293638443834
448.385594802119,-113.75751011855,-89.7262267112198
453.582882551019,-113.457226560535,-89.723053209593
458.840412645476,-113.156943392801,-89.7198429177549
464.158883361278,-112.856660624444,-89.7165954090617
469.539001068006,-112.556378264771,-89.7133102519174
474.98148032285,-112.256096323306,-89.7099870097157
480.487043965513,-111.955814809796,-89.7066252407819
486.056423214214,-111.655533734214,-89.7032244983138
491.690357762803,-111.355253106765,-89.6997843303221
497.389595879007,-111.054972937894,-89.6963042795698
503.154894503806,-110.754693238285,-89.692783883511
508.987019351969,-110.454414018874,-89.6892226742295
514.88674501375,-110.154135290852,-89.6856201783757
520.854855057767,-109.85385706567,-89.6819759171036
526.892142135068,-109.553579355043,-89.6782894060068
532.999408084409,-109.253302170963,-89.6745601550534
539.17746403875,-108.9530255257,-89.6707876685205
545.427130532984,-108.652749431807,-89.6669714449281
551.749237612913,-108.352473902132,-89.6631109769717
558.144624945497,-108.052198949822,-89.6592057514545
564.614141930367,-107.751924588331,-89.6552552492186
571.158647812643,-107.451650831422,-89.6512589450756
577.779011797051,-107.151377693184,-89.6472163077361
584.476113163364,-106.85110518803,-89.6431267997385
591.250841383188,-106.55083333071,-89.6389898773771
598.104096238094,-106.250562136318,-89.634804990629
605.036787939122,-105.950291620299,-89.6305715830807
612.04983724767,-105.650021798456,-89.6262890918531
619.144175597785,-105.349752686961,-89.6219569475261
626.320745219869,-105.049484302364,-89.6175745740625
633.580499265825,-104.749216661597,-89.6131413887302
640.924401935646,-104.448949781989,-89.6086568020243
648.353428605473,-104.148683681271,-89.604120217588
655.868565957144,-103.848418377587,-89.5995310321322
663.470812109235,-103.548153889502,-89.5948886353546
671.161176749629,-103.247890236015,-89.5901924098577
678.940681269611,-102.947627436565,-89.5854417310662
686.810358899531,-102.647365511046,-89.5806359671421
694.771254846024,-102.347104479812,-89.5757744789005
702.824426430835,-102.046844363693,-89.5708566197236
710.970943231244,-101.746585184001,-89.565881735473
719.211887222119,-101.446326962547,-89.5608491644024
727.548352919623,-101.146069721646,-89.5557582370683
735.981447526577,-100.845813484135,-89.5506082762394
744.512291079514,-100.545558273381,-89.5453985968058
753.142016597438,-100.245304113293,-89.5401285056867
761.8717702323,-99.945051028339,-89.5347973017364
770.70271142123,-99.6447990435537,-89.5294042756504
779.636013040524,-99.344548184555,-89.5239487098693
788.672861561416,-99.0442984775562,-89.5184298784819
797.814457207663,-98.7440499493802,-89.5128470471274
807.062014114951,-98.4438026274736,-89.5071994728962
816.416760492147,-98.1435565399208,-89.5014864042291
825.879938784427,-97.8433117154595,-89.4957070808164
835.452805838287,-97.543068183495,-89.4898607334941
845.136633068472,-97.2428259741163,-89.4839465841409
854.932706626838,-96.9425851181119,-89.477963845572
864.842327573173,-96.6423456469854,-89.471911721433
874.866812047991,-96.3421075929728,-89.4657894060917
885.007491447344,-96.0418709890591,-89.4595960845291
895.26571259964,-95.7416358689958,-89.4533309322287
905.642837944529,-95.4414022673182,-89.4469931150649
916.140245713852,-95.1411702193642,-89.4405817891892
926.759330114688,-94.8409397612925,-89.4340961009162
937.501501514529,-94.5407109301016,-89.4275351866072
948.368186628593,-94.2404837636494,-89.4208981725531
959.360828709315,-93.9402583006726,-89.414184174855
970.480887738031,-93.6400345808078,-89.4073922993044
981.729840618884,-93.3398126446117,-89.4005216412611
993.10918137498,-93.0395925335826,-89.39357128553
1004.62042134681,-92.739374290182,-89.3865403062365
1016.265089393,-92.4391579578572,-89.3794277666997
1028.04473209331,-92.1389435810637,-89.3722327193049
1039.96091395412,-91.8387312052886,-89.364954205374
1052.01521761616,-91.5385208770745,-89.3575912550342
1064.20924406472,-91.2383126440439,-89.3501428870857
1076.54461284232,-90.938106554924,-89.3426081088673
1089.02296226373,-90.6379026595722,-89.3349859161199
1101.64594963366,-90.3377010090023,-89.3272752928496
1114.41525146679,-90.037501655411,-89.3194752111875
1127.33256371049,-89.7373046522054,-89.311584631249
1140.39960197003,-89.4371100540306,-89.303602500991
1153.61810173648,-89.1369179167986,-89.2955277560667
1166.98981861715,-88.836728297717,-89.2873593196797
1180.51652856881,-88.5365412553195,-89.279096102435
1194.20002813353,-88.2363568494958,-89.2707370021892
1208.04213467733,-87.9361751415231,-89.2622809038986
1222.04468663149,-87.6359961940982,-89.2537266794644
1236.20954373677,-87.3358200713697,-89.2450731875775
1250.53858729039,-87.035646838972,-89.2363192735601
1265.0337203959,-86.7354765640588,-89.2274637692059
1279.69686821594,-86.4353093153385,-89.218505492618
1294.52997822792,-86.1351451631098,-89.2094432480449
1309.53502048267,-85.8349841792981,-89.2002758257143
1324.71398786612,-85.534826437493,-89.1910020016648
1340.06889636395,-85.2346720129863,-89.1816205375756
1355.60178532937,-84.9345209828114,-89.1721301805935
1371.31471775395,-84.6343734257829,-89.1625296631584
1387.20978054162,-84.3342294225374,-89.1528177028258
1403.28908478587,-84.0340890555758,-89.1429930020877
1419.5547660501,-83.7339524093053,-89.1330542481906
1436.00898465126,-83.4338195700834,-89.1230001129514
1452.65392594678,-83.1336906262626,-89.1128292525709
1469.49180062482,-82.8335656682359,-89.1025403074448
1486.52484499786,-82.5334447884835,-89.092131901972
1503.75532129974,-82.2333280816204,-89.0816026443611
1521.1855179861,-81.9332156444454,-89.0709511264333
1538.81775003835,-81.6331075759907,-89.0601759234234
1556.65435927106,-81.3330039775731,-89.0492755937781
1574.69771464309,-81.0329049528459,-89.0382486789515
1592.95021257212,-80.7328106078524,-89.0270937031976
1611.41427725302,-80.4327210510802,-89.0158091733602
1630.09236097974,-80.1326363935168,-89.0043935786606
1648.98694447106,-79.8325567487067,-88.9928453904813
1668.10053720006,-79.5324822328094,-88.9811630621475
1687.43567772738,-79.232412964659,-88.9693450287053
1706.99493403841,-78.9323490658247,-88.9573897066974
1726.78090388436,-78.6322906606732,-88.945295493935
1746.79621512725,-78.3322378764322,-88.933060769267
1767.04352608895,-78.0321908432547,-88.9206838923458
1787.52552590424,-77.7321496942863,-88.9081632033903
1808.24493487795,-77.4321145657319,-88.8954970229448
1829.20450484629,-77.1320855969256,-88.8826836516353
1850.4070195423,-76.8320629304014,-88.8697213699219
1871.85529496558,-76.5320467119653,-88.8566084378482
1893.5521797563,-76.2320370907692,-88.8433430947862
1915.50055557353,-75.9320342193866,-88.8299235591788
1937.70333747799,-75.6320382538894,-88.8163480282776
1960.16347431919,-75.3320493539272,-88.8026146778777
1982.88394912707,-75.0320676828073,-88.7887216620478
2005.86777950823,-74.7320934075772,-88.7746671128576
2029.11801804668,-74.4321266991087,-88.7604491400997
2052.63775270925,-74.1321677321835,-88.746065831009
2076.43010725577,-73.8322166855814,-88.7315152499769
2100.49824165392,-73.5322737421691,-88.7167954382614
2124.84535249888,-73.2323390889922,-88.7019044136934
2149.47467343798,-72.9324129173689,-88.6868401703782
2174.38947560008,-72.6324954229847,-88.6716006783927
2199.59306803007,-72.3325868059902,-88.6561838834774
2225.08879812837,-72.0326872711012,-88.6405877067251
2250.88005209546,-71.7327970276992,-88.6248100442631
2276.97025538168,-71.4329162899363,-88.608848766932
2303.36287314213,-71.1330452768403,-88.5927017199585
2330.06141069692,-70.8331842124235,-88.576366722624
2357.06941399673,-70.533333325793,-88.5598415679269
2384.39047009372,-70.2334928512632,-88.5431240222405
2412.02820761801,-69.9336630284712,-88.5262118249652
2439.98629725955,-69.6338441024942,-88.509102688175
2468.26845225569,-69.3340363239696,-88.4917942962583
2496.87842888433,-69.0342399492171,-88.4742843055533
2525.82002696278,-68.7344552403638,-88.4565703439767
2555.09709035251,-68.4346824654717,-88.4386500106469
2584.71350746956,-68.1349218986679,-88.420520875501
2614.67321180109,-67.8351738202771,-88.4021804789047
2644.98018242772,-67.535438516957,-88.3836263312568
2675.63844455205,-67.2357162818367,-88.3648559125857
2706.65207003324,-66.9360074146576,-88.34586667214
2738.02517792786,-66.6363122219168,-88.3266560279718
2769.76193503689,-66.3366310170144,-88.3072213665125
2801.8665564592,-66.0369641204022,-88.2875600421415
2834.34330615131,-65.7373118597369,-88.2676693767471
2867.19649749377,-65.4376745700353,-88.2475466592798
2900.43049386399,-65.1380525938325,-88.2271891452977
2934.04970921579,-64.8384462813443,-88.2065940565029
2968.0586086656,-64.5388559906312,-88.1857585802707
3002.46170908555,-64.2392820877668,-88.1646798691692
3037.26357970331,-63.9397249470087,-88.1433550404701
3072.468842709,-63.640184950973,-88.1217811756511
3108.08217386906,-63.3406624908119,-88.0999553198878
3144.10830314726,-63.0411579663949,-88.0778744815368
3180.55201533292,-62.7416717864933,-88.0555356316084
3217.41815067637,-62.4422043689676,-88.032935703229
3254.71160553185,-62.1427561409596,-88.0100715910939
3292.43733300777,-61.8433275390866,-87.9869401509076
3330.60034362459,-61.5439190096398,-87.9635381988145
3369.20570598027,-61.2445310087869,-87.9398625108174
3408.25854742345,-60.9451640027768,-87.915909822184
3447.76405473446,-60.6458184681496,-87.8916768268415
3487.72747481418,-60.3464948919489,-87.8671601767588
3528.15411538088,-60.0471937719388,-87.8423564813151
3569.04934567523,-59.7479156168243,-87.8172623066558
3610.41859717334,-59.4486609464749,-87.791874175034
3652.26736430818,-59.1494302921533,-87.7661885641381
3694.6012051993,-58.8502241967466,-87.7402019064046
3737.42574239106,-58.5510432150021,-87.7139105883159
3780.74666359935,-58.2518879137664,-87.6873109496815
3824.569722467,-57.9527588722295,-87.6603992829046
3868.90073932798,-57.6536566821711,-87.6331718322302
3913.74560198038,-57.3545819482122,-87.6056247929768
3959.11026646846,-57.0555352880701,-87.5777543107502
4005.00075787361,-56.756517332817,-87.5495564806384
4051.42317111465,-56.4575287271432,-87.5210273463871
4098.38367175726,-56.1585701296232,-87.492162899556
4145.88849683291,-55.8596422129869,-87.4629590786541
4193.94395566719,-55.5607456643937,-87.4334117682532
4242.55643071778,-55.2618811857109,-87.4035167980802
4291.73237842216,-54.9630494937957,-87.3732699420858
4341.47833005509,-54.6642513207811,-87.3426669174899
4391.80089259609,-54.3654874143656,-87.3117033838016
4442.70674960688,-54.0667585381068,-87.280374941815
4494.20266211914,-53.7680654717178,-87.2486771325767
4546.2954695324,-53.4694090113685,-87.2166054363272
4598.99209052244,-53.1707899699895,-87.1841552714133
4652.29952396019,-52.8722091775794,-87.1513219931702
4706.22484984128,-52.5736674815163,-87.1181008927737
4760.77523022637,-52.275165746872,-87.0844871960595
4815.95791019235,-51.976704856729,-87.0504760623097
4871.78021879463,-51.6782857125018,-87.0160625830047
4928.24957004051,-51.3799092342599,-86.9812417805382
4985.37346387389,-51.0815763610543,-86.9460086068959
5043.15948717136,-50.7832880512465,-86.9103579422942
5101.61531474983,-50.4850452828401,-86.874284593779
5160.74871038591,-50.1868490538148,-86.8377832937814
5220.56752784698,-49.8887003824624,-86.8008486986303
5281.07971193433,-49.5906003077247,-86.7634753870181
5342.29329953835,-49.2925498895338,-86.7256578584194
5404.21642070591,-48.9945502091528,-86.6873905314592
5466.85729972018,-48.6966023695191,-86.6486677422298
5530.2242561929,-48.3987074955879,-86.6094837425529
5594.32570616938,-48.1008667346764,-86.5698326981854
5659.17016324624,-47.8030812568089,-86.5297086869661
5724.76623970218,-47.5053522550619,-86.4891056969013
5791.12264764176,-47.2076809459087,-86.4480176241854
5858.24820015254,-46.9100685695636,-86.4064382711551
5926.15181247555,-46.6125163903257,-86.3643613441729
5994.84250318941,-46.3150256969198,-86.3217804514382
6064.32939540806,-46.0175978028374,-86.2786891007209
6134.62171799251,-45.720234046674,-86.2350806970161
6205.7288067765,-45.4229357924642,-86.1909485401149
6277.6601058065,-45.1257044300132,-86.1462858220874
6350.42516859596,-44.8285413752251,-86.101085624675
6424.03365939419,-44.5314480704261,-86.0553409165872
6498.49535446989,-44.2344259846827,-86.0090445506978
6573.82014340959,-43.9374766141144,-85.9621892611376
6650.01803043112,-43.6406014822004,-85.9147676602764
6727.09913571234,-43.343802140078,-85.8667722355918
6805.07369673521,-43.0470801668344,-85.8181953464171
6883.9520696455,-42.750437169789,-85.7690292205639
6963.74473062822,-42.4538747847663,-85.7192659508137
7044.46227729904,-42.1573946763586,-85.6688974912708
7126.11543011175,-41.8609985381768,-85.6179156535717
7208.71503378213,-41.5646880930894,-85.5663121029426
7292.27205872831,-41.2684650934472,-85.514078354099
7376.79760252773,-40.9723313212947,-85.4612057669786
7462.30289139111,-40.6762885885644,-85.4076855423003
7548.79928165343,-40.3803387372553,-85.3535087169399
7636.29826128224,-40.0844836395923,-85.2986661591154
7724.8114514034,-39.7887251981669,-85.2431485633697
7814.35060784454,-39.4930653460563,-85.1869464453438
7904.92762269642,-39.1975060469204,-85.1300501363279
7996.55452589235,-38.9020492950749,-85.072449777581
8089.24348680594,-38.6066971155385,-85.0141353144057
8183.00681586739,-38.3114515640534,-84.9550964899684
8277.85696619847,-38.0163147270764,-84.8953228388502
8373.80653526649,-37.7212887217388,-84.8348036803157
8470.8682665574,-37.4263756957746,-84.7735281112857
8569.05505126835,-37.1315778274128,-84.7114849989995
8668.37993001977,-36.8368973252331,-84.6486629733489
8768.85609458743,-36.5423364279829,-84.5850504188702
8870.4968896544,-36.2478974043523,-84.520635466375
8973.31581458352,-35.9535825527056,-84.4554059842013
9077.32652521022,-35.6593942007666,-84.389349569067
9182.54283565628,-35.3653347052541,-84.3224535365037
9288.9787201645,-35.0714064514675,-84.254704910851
9396.64831495469,-34.7776118528157,-84.1860904147869
9505.56592010119,-34.4839533502907,-84.1165964583716
9615.74600143209,-34.190433411879,-84.0462091275798
9727.20319245054,-33.8970545319104,-83.9749141722934
9839.95229627823,-33.6038192303394,-83.9026969937285
9954.00828762152,-33.310730051956,-83.8295426312655
10069.3863147603,-33.0177895655226,-83.7554357486527
10186.1017015598,-32.7250003628333,-83.6803606195493
10304.1699495059,-32.4323650576914,-83.604301112374
10423.606739764,-32.1398862848011,-83.5272406744218
10544.4279352617,-31.8475666985695,-83.4491623152118
10666.6495827954,-31.5554089718147,-83.3700485890234
10790.2879151618,-31.2634157943751,-83.28988157658
10915.3593533139,-30.9715898716154,-83.2086428658328
11041.8805085416,-30.6799339228249,-83.1263135317987
11169.8681846782,-30.3884506795024,-83.0428741153996
11299.3393803322,-30.0971428835236,-82.9583046012521
11430.3112911448,-29.806013285185,-82.8725843943492
11562.8013120738,-29.5150646411185,-82.7856922955747
11696.8270397038,-29.2242997120723,-82.6976064759881
11832.4062745838,-28.9337212605511,-82.6083044498126
11969.5570235904,-28.6433320483104,-82.5177630460561
12108.2975023204,-28.3531348336986,-82.4259583786902
12248.6461375093,-28.0631323688397,-82.3328658153089
12390.6215694792,-27.7733273966519,-82.2384599441836
12534.242654614,-27.4837226476937,-82.1427145396257
12679.5284678643,-27.1943208368316,-82.0456025255641
12826.4983052806,-26.9051246597224,-81.9470959372381
12975.1716865759,-26.6161367891026,-81.8471658809015
13125.5683577184,-26.3273598708776,-81.7457824914267
13277.7082935543,-26.0387965200038,-81.6429148876915
13431.6117004602,-25.7504493161551,-81.5385311256238
13587.2990190271,-25.4623207991676,-81.4325981487725
13744.7909267754,-25.1744134642529,-81.3250817362648
13904.1083409007,-24.8867297569729,-81.2159464480002
14065.2724210524,-24.5992720679689,-81.1051555669258
14228.3045721435,-24.3120427274359,-80.9926710382229
14393.2264471941,-24.0250439993341,-80.87845340523
14560.0599502065,-23.7382780753301,-80.7624617419112
14728.827239075,-23.4517470684595,-80.6446535816715
14899.5507285286,-23.1654530065027,-80.524984842304
15072.2530931076,-22.8793978250666,-80.4034097468445
15246.9572701758,-22.5935833603636,-80.2798807400905
15423.6864629663,-22.3080113416816,-80.1543484005292
15602.4641436637,-22.0226833835366,-80.0267613474012
15783.3140565212,-21.7376009775016,-79.8970661426094
15966.2602210143,-21.4527654837058,-79.7652071871618
16151.3269350309,-21.1681781219968,-79.6311266118203
16338.5387780986,-20.8838399627623,-79.4947641616007
16527.920614649,-20.5997519174048,-79.3560570737504
16719.4975973199,-20.3159147284672,-79.2149399488012
16913.2951702965,-20.0323289594055,-79.0713446142697
17109.3390726902,-19.7489949840077,-78.9251999805484
17307.6553419573,-19.4659129754584,-78.776431888498
17508.2703173573,-19.1830828950509,-78.6249629482184
17711.2106434509,-18.9005044805493,-78.4707123684408
17916.503273639,-18.6181772342068,-78.3135957759412
18124.1754737424,-18.336100410448,-78.1535250243373
18334.2548256229,-18.0542730032249,-77.9904079915811
18546.769230847,-17.7726937330612,-77.8241483654154
18761.7469143912,-17.4913610338019,-77.6546454160052
18979.216428391,-17.2102730390899,-77.4817937549011
19199.2066559329,-16.9294275685952,-77.305483079431
19421.7468148903,-16.6488221140298,-77.1255979015465
19646.8664618045,-16.3684538249834,-76.9420172600843
19874.5954958099,-16.0883194946281,-76.7546144153234
20104.964162605,-15.8084155453405,-76.563256524636
20338.0030584698,-15.5287380143072,-76.3678042979416
20573.7431343292,-15.2492825391816,-76.1681116315794
20812.2156998634,-14.9700443438776,-75.9640252191064
21053.4524276671,-14.6910182245967,-75.7553841374218
21297.4853574552,-14.4121985361993,-75.5420194064962
21544.3469003189,-14.1335791790491,-75.323753520854
21794.0698430296,-13.8551535864792,-75.100399950822
22046.6873523941,-13.5769147130492,-74.871762611406
22302.2329796594,-13.2988550237889,-74.6376352964983
22560.7406649686,-13.0209664846512,-74.3978010759492
22822.244741869,-12.7432405544315,-74.1520316528527
23086.7799418717,-12.4656681784444,-73.9000866782011
23354.3813990648,-12.1882397842929,-73.6417130198592
23625.0846547795,-11.9109452801118,-73.3766439825859
23898.9256623105,-11.6337740557212,-73.1045984756019
24175.9407916913,-11.3567149871867,-72.825280123957
24456.1668345245,-11.0797564453546,-72.5383763196958
24739.6410088682,-10.8028863090081,-72.2435572085539
25026.4009641792,-10.5260919833822,-71.9404746076448
25316.4847863136,-10.2493604248783,-71.6287608493148
25609.9310025846,-9.97267817293499,-71.3080275460619
25906.7785868801,-9.69603139014842,-70.977864271136
26207.0669648386,-9.41940591188366,-70.63783714916
26510.8360190854,-9.14278730679435,-70.2874873508612
26818.1260945302,-8.86616094986278,-69.9263294857684
27128.9780037247,-8.58951210979679,-69.5538498865419
27443.4330322837,-8.31282605287304,-69.1695047784695
27761.532944368,-8.03608816560497,-68.7727183276073
28083.3199882318,-7.75928409893995,-68.3628805610903
28408.8369018331,-7.48239993706064,-67.9393451533268
28738.1269185107,-7.20542239428406,-67.5014270721545
29071.2337727258,-6.92833904402475,-67.048400079633
29408.2017058707,-6.65113858432099,-66.5794940830363
29749.0754721444,-6.37381114502177,-66.0938923328713
30093.9003444972,-6.09634864240296,-65.5907284664776
30442.7221206431,-5.81874518772909,-65.0690833980757
30795.5871291423,-5.5409975571092,-64.5279820591728
31152.5422355549,-5.26310573091257,-63.9663899971703
31513.6348486648,-4.98507351201728,-63.3832098450645
31878.9129267765,-4.7069092332587,-62.7772776815225
32248.4249840845,-4.42862656562074,-62.1473593086694
32622.2200971167,-4.15024543995827,-61.4921464849595
33000.3479112529,-3.87179309633337,-60.810253162962
33382.8586473176,-3.59330527635708,-60.1002117972202
33769.8031082509,-3.31482757520405,-59.3604698060998
34161.2326858553,-3.03641697113655,-58.5893862943224
34557.1993676214,-2.75814355133999,-57.7852291703594
34957.7557436328,-2.48009245349647,-56.9461728257381
35362.9550135505,-2.20236604262627,-56.0702965823094
35772.8509936788,-1.92508634207089,-55.155584159313
36187.4981241128,-1.64839773576892,-54.1999244652122
36606.9514759691,-1.37246995579648,-53.2011140800484
37031.2667586993,-1.09750136402715,-52.1568618624004
37460.50032749,-0.823722529121241,-51.0647961901553
37894.7091907467,-0.551400089190189,-49.9224754245059
38333.9510176661,-0.280840875603521,-48.7274022688086
38778.2841458946,-0.0123962536491891,-47.477042773243
39227.7675892772,0.253533389760184,-46.1688508052541
39682.4610456949,0.516494113229303,-44.8002988541296
40142.4249049933,0.77597398399984,-43.368916051709
40607.7202570037,1.03139892469983,-41.8723342519987
41078.4088996565,1.28212908458835,-40.3083428980828
41554.5533471888,1.52745603435602,-38.674953189277
42036.2168384472,1.76660114346855,-36.9704717171724
42523.4633452869,1.99871555545715,-35.1935832393582
43016.357581068,2.22288222187254,-33.3434415837121
43514.9650092505,2.43812047974453,-31.419766816922
44019.3518520888,2.64339364804787,-29.4229457833875
44529.5850994266,2.83762006234552,-27.3541319720997
45045.7325175946,3.01968785052324,-25.2153394880857
45567.8626584107,3.18847356677023,-23.009524826287
46096.0448682844,3.34286454307266,-20.7406493472229
46630.3492974274,3.48178449564241,-18.4137150412192
47170.8469091702,3.60422156002297,-16.0347665450909
47717.6094893875,3.709257560294,-13.6108536001252
48270.7096560319,3.79609699488828,-11.1499502747204
48830.2208687789,3.86409400052305,-8.66083023849601
49396.2174387833,3.91277548922723,-6.15290091917598
49968.7745385489,3.94185877769046,-3.63600309514554
50547.9682119125,3.95126235178377,-1.12018587000631
51133.8753841433,3.94110890656228,1.38453047353012
51726.5738721602,3.91172041492079,3.86838994847184
52326.1423948667,3.86360562477724,6.32212105503254
52932.6605836057,3.79744097669164,8.73712970044724
53546.2089927361,3.71404639387432,11.1056556546384
54166.8691103316,3.61435767344969,13.4208868694574
54794.7233690029,3.4993972844578,15.6770297119216
55429.8551568467,3.37024527046417,17.8693365988107
56072.3488285204,3.22801170412178,19.9940953012375
56722.2897164455,3.07381180220957,22.0485861060411
57379.7641421414,2.90874443831599,24.0310140328423
58044.8594276898,2.73387443383979,25.9404235007536
58717.6639073326,2.55021869998953,27.7766023906383
59398.2669392036,2.35873606255842,29.5399815651916
60086.7589171969,2.16032043268764,31.2315347912053
60783.2312829724,1.95579688596613,32.8526828246332
61487.7765381003,1.7459201683679,34.4052042931062
62200.4882563472,1.53137514740131,35.8911550203804
62921.4610961035,1.31277875708532,37.3127966214827
63650.7908129558,1.09068303416261,38.6725345648361
64388.5742724043,0.865578900813571,39.9728654372235
65134.9094627281,0.63790040904314,41.2163328365117
65889.8955079996,0.408029219145156,42.4054911283071
66653.6326812492,0.17629913636833,43.5428762085472
67426.2224177835,-0.0569994252922933,44.6309823893412
68207.7673286569,-0.29161514576339,45.6722445488187
68998.3712143002,-0.527331731155589,46.6690247401944
69798.1390783067,-0.763964114693219,47.6236025275764
70607.1771413778,-1.0013549468766,48.5381683966129
71425.5928554313,-1.23937138160109,49.4148196701795
72253.4949178722,-1.47790215493171,50.2555584385203
73090.9932860292,-1.71685494625199,51.0622910868621
73938.1991917587,-1.95615400690086,51.8368290700854
74795.2251562183,-2.19573803862202,52.5808906429736
75662.1850048106,-2.43555830271442,53.2961033058954
76539.1938823016,-2.67557694032305,53.9840067698765
77426.3682681128,-2.91576548455718,54.6460562824809
78323.825991792,-3.15610354584335,55.2836261874409
79231.6862486626,-3.39657765294556,55.8980136172548
80150.0696156541,-3.6371802332879,56.4904422397342
81079.098067317,-3.87790871750357,57.0620659973515
82018.8949920221,-4.1187647544438,57.6139727928388
82969.5852083491,-4.35975352416504,58.1471880863102
83931.2949816637,-4.60088313764301,58.6626783787126
84904.1520408876,-4.84216411311942,59.1613545640226
85888.2855954626,-5.08360892006016,59.6440751386509
86883.8263525119,-5.32523158268979,60.1116492612666
87890.9065341996,-5.56704733596326,60.5648396599568
88909.6598952917,-5.80907232764728,61.0043653864799
89940.2217409205,-6.05132336091246,61.4309044195283
90982.7289445557,-6.29381767249036,61.8450961205197
92037.3199661823,-6.53657274203129,62.247543546594
93104.1348706908,-6.77960612881658,62.6388156263031
94183.3153464796,-7.02293533243797,63.0194492040078
95275.004724273,-7.26657767446298,63.3899509593158
96379.347996158,-7.51055019846455,63.7507992080335
97496.491834841,-7.75486958610945,64.1024455911273
98626.5846131283,-7.99955208727981,64.4453166581058
99769.7764236321,-8.24461346244762,64.779815351083
100926.219098705,-8.49006893573857,65.1063223955797
102096.066230605,-8.73593315731209,65.4251976038769
103279.473191895,-8.98222017385122,65.7367810964745
104476.597156081,-9.22894340610375,66.0413944469287
105687.597118481,-9.47611563254439,66.3393417550572
106912.633917348,-9.72374897834185,66.6309106532193
108151.870255229,-9.97185490891417,66.9163732500942
109405.470720574,-10.220444227443,67.1959870161078
110673.601809597,-10.4695270757947,67.4699956143961
111956.431948388,-10.7191129383638,67.7386296809355
113254.131515281,-10.9692106484133,68.0021075572319
114566.872863487,-11.2198283965387,68.2606359787293
115894.830343981,-11.4709737409287,68.5144107218823
117238.18032866,-11.722653619135,68.7636172126335
118597.101233767,-11.974874361101,69.0084310988451
119971.773543589,-12.2276417032271,69.2490187890543
121362.379834424,-12.4809608032811,69.4855379597553
122769.104798836,-12.734836255984,69.718138033256
124192.135270178,-12.9892721091238,69.9469606280088
125631.660247412,-13.2442718800682,70.1721399831833
127087.870920206,-13.4998385725629,70.3938033591222
128560.96069433,-13.7559746937194,70.6120714152038
130051.125217341,-14.0126822711033,70.8270585665288
131558.562404571,-14.2699628698523,71.0388733207478
133083.472465408,-14.527817609758,71.2476185962534
134626.057929891,-14.7862471822549,71.4533920228766
136186.523675608,-15.0452518672706,71.6562862261449
137765.076954905,-15.3048315498944,71.8563890960892
139361.927422414,-15.5649857368293,72.0537840415178
140977.287162897,-15.8257135725974,72.2485502306113
142611.370719413,-16.0870138554737,72.4407628186378
144264.395121816,-16.3488850531251,72.6304931635304
145936.579915576,-16.6113253179395,72.8178090300223
147628.147190939,-16.8743325020275,73.0027747829865
149339.321612425,-17.1379041718867,73.1854515705878
151070.330448666,-17.4020376227184,73.3658974978115
152821.403602587,-17.666729892389,73.5441677909008
154592.773641948,-17.9319777750316,73.7203149531986
156384.675830225,-18.1977778342836,73.8943889128591
158197.34815786,-18.4641264161569,74.0664371628664
160031.03137387,-18.7310196615423,74.2365048937688
161885.96901782,-18.9984535183452,74.4046351195153
163762.407452169,-19.2664237532559,74.5708687967543
165660.595894992,-19.5349259631558,74.7352449379369
167580.786453077,-19.8039555861612,74.8978007185437
169523.234155412,-20.0735079123104,75.0585715787388
171488.196987054,-20.3435780938954,75.2175913197345
173475.935923393,-20.6141611554449,75.3748921951367
175486.714964815,-20.885252003362,75.5305049975237
177520.801171764,-21.1568454352226,75.6844591404999
179578.46470021,-21.42893614874,75.8367827364501
181659.978837533,-21.7015187504015,75.9875026702097
183765.620038817,-21.9745877637829,76.1366446688543
185895.667963569,-22.2481376375474,76.284233367801
188050.405512858,-22.5221627531357,76.4302923734045
190230.118866895,-22.7966574321528,76.5748443222223
192435.097523033,-23.0716159434598,76.7179109371108
194665.634334226,-23.3470325099753,76.8595130803127
196922.025547917,-23.6229013151958,76.9996708036798
199204.570845387,-23.8992165094394,77.1384033961765
201513.573381556,-24.1759722158216,77.2757294287952
203849.339825246,-24.4531625359695,77.4116667970129
206212.180399914,-24.73078155548,77.5462327609106
208602.40892485,-25.0088233491311,77.6794439830701
211020.34285686,-25.2872819858519,77.8113165643605
213466.303332425,-25.5661515334571,77.9418660777165
215940.615210357,-25.8454260631548,78.0711076000121
218443.607114943,-26.125099653833,78.1990557421217
220975.61147959,-26.4051663961313,78.3257246772621
223536.96459098,-26.6856203963046,78.4511281677002
226128.006633728,-26.9664557798859,78.5752795899102
228749.08173557,-27.2476666951529,78.6981919582587
231400.538013065,-27.5292473164064,78.8198779472925
234082.727617829,-27.8111918470657,78.9403499127011
236796.006783308,-28.0934945225872,79.0596199110226
239540.735872088,-28.3761496132121,79.177699718157
242317.27942376,-28.6591514265496,79.29460084675
245126.006203334,-28.9424943100003,79.410334562506
247967.289250216,-29.2261726530268,79.5249118994875
250841.505927754,-29.5101808892757,79.6383436744536
253749.037973357,-29.7945134985568,79.7506405002897
256690.271549195,-30.079165008686,79.8618127985772
259665.597293487,-30.3641299971949,79.9718708113495
262675.410372384,-30.6494030929137,80.0808246120791
265720.110532451,-30.9349789774324,80.1886841159375
268800.102153761,-31.2208523864438,80.2954590893693
271915.794303602,-31.5070181109745,80.4011591590168
275067.600790807,-31.7934709985079,80.5057938200342
278255.940220713,-32.0802059540029,80.6093724438239
281481.236050758,-32.3672179408142,80.7119042852292
284743.916646725,-32.6545019815168,80.8133984892142
288044.41533963,-32.9420531586406,80.9138640970611
291383.170483279,-33.2298666153168,81.0133100521137
294760.625512486,-33.5179375558425,81.1117452050926
298177.229001967,-33.8062612461653,81.2091783190096
301633.43472592,-34.0948330142927,81.3056180737042
305129.701718287,-34.3836482506289,81.4010730700265
308666.494333727,-34.6727024082438,81.4955518336865
312244.282309286,-34.9619910030764,81.5890628187935
315863.540826782,-35.2515096140754,81.6816144111024
319524.750575921,-35.5412538832823,81.7732149309873
323228.397818138,-35.8312195158573,81.8638726361593
326974.974451177,-36.1214022800528,81.9535957241465
330764.978074424,-36.4117980071366,82.0423923345494
334598.912054998,-36.7024025912678,82.1302705510904
338477.285594598,-36.9932119893275,82.2172384034676
342400.613797143,-37.2842222207072,82.3033038690303
346369.417737173,-37.5754293670578,82.388474874285
350384.224529068,-37.8668295720003,82.4727592962468
354445.567397044,-38.1584190408021,82.556164963646
358553.985745982,-38.4501940400194,82.638699658001
362710.025233065,-38.7421508971089,82.7203711145674
366914.237840249,-39.0342860000106,82.8011870231726
371167.181947577,-39.3265957967034,82.8811550289453
375469.422407334,-39.6190767947354,82.9602827329474
379821.530619074,-39.9117255607309,83.0385776927172
384224.084605506,-40.2045387198755,83.1160474227307
388677.669089267,-40.4975129553813,83.1926993947874
393182.875570577,-40.7906450079332,83.2685410383288
397740.302405804,-41.0839316751186,83.3435797406935
402350.554886929,-41.3773698108413,83.4178228473164
407014.245321944,-41.6709563247205,83.491277661877
411731.993116168,-41.9646881814783,83.5639514464004
416504.424854518,-42.2585624003139,83.6358514213181
421332.174384729,-42.5525760542686,83.7069847654904
426215.882901532,-42.8467262695805,83.7773586161971
431156.199031823,-43.1410102250314,83.8469800690978
436153.778920801,-43.4354251512864,83.9158561781671
441209.286319119,-43.7299683302271,83.9839939556068
446323.39267104,-44.0246370942793,84.0514003717398
451496.77720361,-44.3194288257369,84.1180823548864
456730.127016875,-44.6143409560813,84.1840467912268
462024.137175131,-44.9093709652983,84.2493005246531
467379.510799246,-45.2045163811937,84.3138503566106
472796.959160039,-45.499774778706,84.3777030459333
478277.201772749,-45.7951437792199,84.4408653086732
483820.966492596,-46.0906210498787,84.5033438179266
489428.989611453,-46.3862043028982,84.5651452036582
495102.015955635,-46.6818912948805,84.626276052525
500840.798984821,-46.9776798261309,84.6867429077009
506646.100892127,-47.2735677399759,84.7465522687035
512518.692705333,-47.5695529220841,84.8057105912245
518459.354389291,-47.8656332997903,84.8642242869635
524468.874949512,-48.1618068414234,84.922099723468
530548.052536957,-48.4580715556372,84.9793432239783
536697.694554048,-48.7544254907467,85.0359610672802
542918.617761894,-49.0508667340678,85.0919594875637
549211.648388779,-49.3473934112629,85.1473446742912
555577.622239888,-49.6440036856911,85.2021227720726
562017.384808319,-49.9406957577638,85.2562998805501
568531.791387375,-50.2374678643065,85.309882054292
575121.707184161,-50.534318277926,85.3628753026961
581788.007434494,-50.8312453063843,85.4152855899028
588531.577519145,-51.1282472919781,85.4671188347181
595353.313081437,-51.4253226109257,85.5183809105471
602254.120146193,-51.7224696727597,85.5690776453376
609234.915240071,-52.0196869197275,85.6192148215342
616296.625513294,-52.3169728261976,85.6687981760427
623440.188862786,-52.6143258980739,85.7178334002054
630666.554056741,-52.9117446722169,85.7663261397864
637976.680860628,-53.2092277158719,85.8142819949675
645371.54016467,-53.506773626105,85.8617065203549
652852.114112785,-53.804381029246,85.908605224996
660419.396233031,-54.1020485803391,85.9549835724057
668074.391569561,-54.3997749626013,86.0008469806044
675818.116816111,-54.6975588868875,86.0462008221643
683651.600451024,-54.9953990911643,86.0910504242667
691575.882873853,-55.2932943399905,86.1354010687685
699592.016543537,-55.5912434240059,86.179257992278
707701.066118189,-55.8892451594269,86.2226263862408
715904.108596489,-56.1872983875504,86.2655113970337
724202.233460732,-56.4854019742652,86.3079181260685
732596.542821523,-56.7835548095703,86.3498516299038
741088.151564157,-57.0817558071019,86.3913169203659
749678.187496688,-57.3800039036671,86.4323189646774
758367.791499719,-57.6782980587848,86.4728626855942
767158.11767793,-57.9766372542353,86.5129529615502
776050.333513357,-58.2750204936161,86.5525946268098
785045.620020451,-58.5734468019055,86.5917924716271
794145.171902934,-58.8719152250338,86.630551242413
803350.197712473,-59.1704248294612,86.6688756419088
812661.920009195,-59.4689747017633,86.7067703293665
822081.575524054,-59.7675639482236,86.7442399207355
831610.415323096,-60.0661916944332,86.7812889888555
841249.704973612,-60.3648570848971,86.8179220636552
851000.724712225,-60.6635592826481,86.8541436323573
860864.769614924,-60.9622974688668,86.889958139688
870843.149769072,-61.2610708425093,86.9253699880928
880937.190447399,-61.5598786199404,86.9603835379566
891148.23228402,-61.8587200345751,86.9950031078289
901477.631452492,-62.1575943365246,87.0292329746539
911926.75984593,-62.456500792251,87.0630773740043
922497.005259217,-62.7554386842263,87.0965405003199
933189.771573324,-63.0544073105995,87.1296265071499
944006.47894176,-63.3534059848688,87.1623395073991
954948.563979197,-63.6524340355601,87.1946835735774
966017.479952265,-63.9514908059125,87.2266627380532
977214.696972572,-64.2505756535681,87.2582809933094
988541.702191957,-64.5496879502697,87.2895422922026
1000000,-64.8488270815623,87.3204505482255
